{
    "_id": {
        "$oid": "683efe8683dacb5768614936"
    },
    "emailid": "venkateshmadanwale@gmail.com",
    "transactions": [
        {
            "id": "99C945946K621133W",
            "payer": {
                "id": "99C945946K621133W",
                "intent": "CAPTURE",
                "status": "COMPLETED",
                "purchase_units": [
                    {
                        "reference_id": "default",
                        "amount": {
                            "currency_code": "USD",
                            "value": "10015.43"
                        },
                        "payee": {
                            "email_address": "barco.03-facilitator@gmail.com",
                            "merchant_id": "YQZCHTGHUK5P8"
                        },
                        "soft_descriptor": "PAYPAL *PYPLT PYPLT",
                        "shipping": {
                            "name": {
                                "full_name": "me Madanwale"
                            },
                            "address": {
                                "address_line_1": "mas",
                                "address_line_2": "sjksjkjk",
                                "admin_area_2": "skajksjks",
                                "admin_area_1": "NY",
                                "postal_code": "13413",
                                "country_code": "US"
                            }
                        },
                        "payments": {
                            "captures": [
                                {
                                    "id": "0YM34902H3276382M",
                                    "status": "COMPLETED",
                                    "amount": {
                                        "currency_code": "USD",
                                        "value": "15.43"
                                    },
                                    "final_capture": true,
                                    "disbursement_mode": "INSTANT",
                                    "seller_protection": {
                                        "status": "ELIGIBLE",
                                        "dispute_categories": [
                                            "ITEM_NOT_RECEIVED",
                                            "UNAUTHORIZED_TRANSACTION"
                                        ]
                                    },
                                    "create_time": "2025-06-03T13:54:14Z",
                                    "update_time": "2025-06-03T13:54:14Z"
                                }
                            ]
                        }
                    }
                ],
                "payer": {
                    "name": {
                        "given_name": "me",
                        "surname": "Madanwale"
                    },
                    "email_address": "venkateshmadanwale@gmail.com",
                    "payer_id": "2QL55JY6EECC4",
                    "phone": {
                        "phone_number": {
                            "national_number": "5085619826"
                        }
                    },
                    "address": {
                        "address_line_1": "mas",
                        "address_line_2": "sjksjkjk",
                        "admin_area_2": "skajksjks",
                        "admin_area_1": "NY",
                        "postal_code": "13413",
                        "country_code": "US"
                    }
                },
                "create_time": "2025-06-03T13:52:57Z",
                "update_time": "2025-06-03T13:54:14Z",
                "links": [
                    {
                        "href": "https://api.sandbox.paypal.com/v2/checkout/orders/99C945946K621133W",
                        "rel": "self",
                        "method": "GET"
                    }
                ]
            },
            "create_time": "2025-06-03T13:52:57Z",
            "status": "COMPLETED"
        }
    ],
    "__v": {
        "$numberInt": "0"
    }
}